﻿n,r,m
"(:Entity {name: Denial of service in Linux syslogd via a large number of connections.,id: CVE-1999-0831,type: CVE})",[:BELONGS_TO],(:Category {name: CVE})
"(:Entity {name: Denial of service in Linux syslogd via a large number of connections.,id: CVE-1999-0831,type: CVE})",[:RELATED_TO],"(:Entity {name: Improper Control of Resource Identifiers ('Resource Injection'),id: 99,type: CWE})"
"(:Entity {name: Accessing Functionality Not Properly Constrained by ACLs,id: 1,type: CAPEC})",[:BELONGS_TO],(:Category {name: CAPEC})
"(:Entity {name: Buffer Overflow via Environment Variables,id: 10,type: CAPEC})",[:BELONGS_TO],(:Category {name: CAPEC})
"(:Entity {name: Overflow Buffers,id: 100,type: CAPEC})",[:BELONGS_TO],(:Category {name: CAPEC})
"(:Entity {name: Server Side Include (SSI) Injection,id: 101,type: CAPEC})",[:BELONGS_TO],(:Category {name: CAPEC})
"(:Entity {name: Session Sidejacking,id: 102,type: CAPEC})",[:BELONGS_TO],(:Category {name: CAPEC})
"(:Entity {name: Clickjacking,id: 103,type: CAPEC})",[:BELONGS_TO],(:Category {name: CAPEC})
"(:Entity {name: Cross Zone Scripting,id: 104,type: CAPEC})",[:BELONGS_TO],(:Category {name: CAPEC})
"(:Entity {name: Cross Zone Scripting,id: 104,type: CAPEC})",[:SIMILAR_TO],"(:Entity {name: Scripting,id: T0853,type: ICS})"
"(:Entity {name: HTTP Request Splitting,id: 105,type: CAPEC})",[:BELONGS_TO],(:Category {name: CAPEC})
"(:Entity {name: DEPRECATED: XSS through Log Files,id: 106,type: CAPEC})",[:BELONGS_TO],(:Category {name: CAPEC})
"(:Entity {name: Cross Site Tracing,id: 107,type: CAPEC})",[:BELONGS_TO],(:Category {name: CAPEC})
"(:Entity {name: Command Line Execution through SQL Injection,id: 108,type: CAPEC})",[:BELONGS_TO],(:Category {name: CAPEC})
"(:Entity {name: Command Line Execution through SQL Injection,id: 108,type: CAPEC})",[:SIMILAR_TO],"(:Entity {name: SQL Injection,id: 66,type: CAPEC})"
"(:Entity {name: Object Relational Mapping Injection,id: 109,type: CAPEC})",[:BELONGS_TO],(:Category {name: CAPEC})
"(:Entity {name: Cause Web Server Misclassification,id: 11,type: CAPEC})",[:BELONGS_TO],(:Category {name: CAPEC})
"(:Entity {name: SQL Injection through SOAP Parameter Tampering,id: 110,type: CAPEC})",[:BELONGS_TO],(:Category {name: CAPEC})
"(:Entity {name: SQL Injection through SOAP Parameter Tampering,id: 110,type: CAPEC})",[:SIMILAR_TO],"(:Entity {name: SQL Injection,id: 66,type: CAPEC})"
"(:Entity {name: JSON Hijacking (aka JavaScript Hijacking),id: 111,type: CAPEC})",[:BELONGS_TO],(:Category {name: CAPEC})
"(:Entity {name: Brute Force,id: 112,type: CAPEC})",[:BELONGS_TO],(:Category {name: CAPEC})
"(:Entity {name: Interface Manipulation,id: 113,type: CAPEC})",[:BELONGS_TO],(:Category {name: CAPEC})
"(:Entity {name: Authentication Abuse,id: 114,type: CAPEC})",[:BELONGS_TO],(:Category {name: CAPEC})
"(:Entity {name: Authentication Bypass,id: 115,type: CAPEC})",[:BELONGS_TO],(:Category {name: CAPEC})
"(:Entity {name: Authentication Bypass,id: 115,type: CAPEC})",[:BELONGS_TO],(:Category {name: CWE})
"(:Entity {name: Excavation,id: 116,type: CAPEC})",[:BELONGS_TO],(:Category {name: CAPEC})
"(:Entity {name: Interception,id: 117,type: CAPEC})",[:BELONGS_TO],(:Category {name: CAPEC})
"(:Entity {name: Choosing Message Identifier,id: 12,type: CAPEC})",[:BELONGS_TO],(:Category {name: CAPEC})
"(:Entity {name: Double Encoding,id: 120,type: CAPEC})",[:BELONGS_TO],(:Category {name: CAPEC})
"(:Entity {name: Exploit Non-Production Interfaces,id: 121,type: CAPEC})",[:BELONGS_TO],(:Category {name: CAPEC})
"(:Entity {name: Privilege Abuse,id: 122,type: CAPEC})",[:BELONGS_TO],(:Category {name: CAPEC})
"(:Entity {name: Buffer Manipulation,id: 123,type: CAPEC})",[:BELONGS_TO],(:Category {name: CAPEC})
"(:Entity {name: Shared Resource Manipulation,id: 124,type: CAPEC})",[:BELONGS_TO],(:Category {name: CAPEC})
"(:Entity {name: Flooding,id: 125,type: CAPEC})",[:BELONGS_TO],(:Category {name: CAPEC})
"(:Entity {name: Path Traversal,id: 126,type: CAPEC})",[:BELONGS_TO],(:Category {name: CAPEC})
"(:Entity {name: Directory Indexing,id: 127,type: CAPEC})",[:BELONGS_TO],(:Category {name: CAPEC})
"(:Entity {name: Integer Attacks,id: 128,type: CAPEC})",[:BELONGS_TO],(:Category {name: CAPEC})
"(:Entity {name: Pointer Manipulation,id: 129,type: CAPEC})",[:BELONGS_TO],(:Category {name: CAPEC})
"(:Entity {name: Subverting Environment Variable Values,id: 13,type: CAPEC})",[:BELONGS_TO],(:Category {name: CAPEC})
"(:Entity {name: Excessive Allocation,id: 130,type: CAPEC})",[:BELONGS_TO],(:Category {name: CAPEC})
"(:Entity {name: Resource Leak Exposure,id: 131,type: CAPEC})",[:BELONGS_TO],(:Category {name: CAPEC})
"(:Entity {name: Symlink Attack,id: 132,type: CAPEC})",[:BELONGS_TO],(:Category {name: CAPEC})
"(:Entity {name: Try All Common Switches,id: 133,type: CAPEC})",[:BELONGS_TO],(:Category {name: CAPEC})
"(:Entity {name: Email Injection,id: 134,type: CAPEC})",[:BELONGS_TO],(:Category {name: CAPEC})
"(:Entity {name: Format String Injection,id: 135,type: CAPEC})",[:BELONGS_TO],(:Category {name: CAPEC})
"(:Entity {name: LDAP Injection,id: 136,type: CAPEC})",[:BELONGS_TO],(:Category {name: CAPEC})
"(:Entity {name: Parameter Injection,id: 137,type: CAPEC})",[:BELONGS_TO],(:Category {name: CAPEC})
"(:Entity {name: Reflection Injection,id: 138,type: CAPEC})",[:BELONGS_TO],(:Category {name: CAPEC})
"(:Entity {name: Relative Path Traversal,id: 139,type: CAPEC})",[:BELONGS_TO],(:Category {name: CAPEC})
"(:Entity {name: Relative Path Traversal,id: 139,type: CAPEC})",[:SIMILAR_TO],"(:Entity {name: Path Traversal,id: 126,type: CAPEC})"
"(:Entity {name: Client-side Injection-induced Buffer Overflow,id: 14,type: CAPEC})",[:BELONGS_TO],(:Category {name: CAPEC})
"(:Entity {name: Bypassing of Intermediate Forms in Multiple-Form Sets,id: 140,type: CAPEC})",[:BELONGS_TO],(:Category {name: CAPEC})
"(:Entity {name: Cache Poisoning,id: 141,type: CAPEC})",[:BELONGS_TO],(:Category {name: CAPEC})
"(:Entity {name: DNS Cache Poisoning,id: 142,type: CAPEC})",[:BELONGS_TO],(:Category {name: CAPEC})
"(:Entity {name: DNS Cache Poisoning,id: 142,type: CAPEC})",[:SIMILAR_TO],"(:Entity {name: Cache Poisoning,id: 141,type: CAPEC})"
"(:Entity {name: Detect Unpublicized Web Pages,id: 143,type: CAPEC})",[:BELONGS_TO],(:Category {name: CAPEC})
"(:Entity {name: Detect Unpublicized Web Services,id: 144,type: CAPEC})",[:BELONGS_TO],(:Category {name: CAPEC})
"(:Entity {name: Detect Unpublicized Web Services,id: 144,type: CAPEC})",[:SIMILAR_TO],"(:Entity {name: Web Service,id: T1481,type: Mobile})"
"(:Entity {name: Checksum Spoofing,id: 145,type: CAPEC})",[:BELONGS_TO],(:Category {name: CAPEC})
"(:Entity {name: XML Schema Poisoning,id: 146,type: CAPEC})",[:BELONGS_TO],(:Category {name: CAPEC})
"(:Entity {name: XML Schema Poisoning,id: 146,type: CAPEC})",[:SIMILAR_TO],"(:Entity {name: Schema Poisoning,id: 271,type: CAPEC})"
"(:Entity {name: XML Ping of the Death,id: 147,type: CAPEC})",[:BELONGS_TO],(:Category {name: CAPEC})
"(:Entity {name: Content Spoofing,id: 148,type: CAPEC})",[:BELONGS_TO],(:Category {name: CAPEC})
"(:Entity {name: Explore for Predictable Temporary File Names,id: 149,type: CAPEC})",[:BELONGS_TO],(:Category {name: CAPEC})
"(:Entity {name: Command Delimiters,id: 15,type: CAPEC})",[:BELONGS_TO],(:Category {name: CAPEC})
"(:Entity {name: Collect Data from Common Resource Locations,id: 150,type: CAPEC})",[:BELONGS_TO],(:Category {name: CAPEC})
"(:Entity {name: Identity Spoofing,id: 151,type: CAPEC})",[:BELONGS_TO],(:Category {name: CAPEC})
"(:Entity {name: Input Data Manipulation,id: 153,type: CAPEC})",[:BELONGS_TO],(:Category {name: CAPEC})
"(:Entity {name: Input Data Manipulation,id: 153,type: CAPEC})",[:SIMILAR_TO],"(:Entity {name: Data Manipulation,id: T1641,type: Mobile})"
"(:Entity {name: Resource Location Spoofing,id: 154,type: CAPEC})",[:BELONGS_TO],(:Category {name: CAPEC})
"(:Entity {name: Screen Temporary Files for Sensitive Information,id: 155,type: CAPEC})",[:BELONGS_TO],(:Category {name: CAPEC})
"(:Entity {name: Sniffing Attacks,id: 157,type: CAPEC})",[:BELONGS_TO],(:Category {name: CAPEC})
"(:Entity {name: Sniffing Network Traffic,id: 158,type: CAPEC})",[:BELONGS_TO],(:Category {name: CAPEC})
"(:Entity {name: Redirect Access to Libraries,id: 159,type: CAPEC})",[:BELONGS_TO],(:Category {name: CAPEC})
"(:Entity {name: Dictionary-based Password Attack,id: 16,type: CAPEC})",[:BELONGS_TO],(:Category {name: CAPEC})
"(:Entity {name: Exploit Script-Based APIs,id: 160,type: CAPEC})",[:BELONGS_TO],(:Category {name: CAPEC})
"(:Entity {name: Infrastructure Manipulation,id: 161,type: CAPEC})",[:BELONGS_TO],(:Category {name: CAPEC})
"(:Entity {name: Manipulating Hidden Fields,id: 162,type: CAPEC})",[:BELONGS_TO],(:Category {name: CAPEC})
"(:Entity {name: Spear Phishing,id: 163,type: CAPEC})",[:BELONGS_TO],(:Category {name: CAPEC})
"(:Entity {name: Spear Phishing,id: 163,type: CAPEC})",[:SIMILAR_TO],"(:Entity {name: Phishing,id: 98,type: CAPEC})"
"(:Entity {name: Spear Phishing,id: 163,type: CAPEC})",[:SIMILAR_TO],"(:Entity {name: Phishing,id: T1660,type: Mobile})"
"(:Entity {name: Mobile Phishing,id: 164,type: CAPEC})",[:BELONGS_TO],(:Category {name: CAPEC})
"(:Entity {name: Mobile Phishing,id: 164,type: CAPEC})",[:SIMILAR_TO],"(:Entity {name: Phishing,id: 98,type: CAPEC})"
"(:Entity {name: Mobile Phishing,id: 164,type: CAPEC})",[:SIMILAR_TO],"(:Entity {name: Phishing,id: T1660,type: Mobile})"
"(:Entity {name: File Manipulation,id: 165,type: CAPEC})",[:BELONGS_TO],(:Category {name: CAPEC})
"(:Entity {name: Force the System to Reset Values,id: 166,type: CAPEC})",[:BELONGS_TO],(:Category {name: CAPEC})
"(:Entity {name: White Box Reverse Engineering,id: 167,type: CAPEC})",[:BELONGS_TO],(:Category {name: CAPEC})
"(:Entity {name: White Box Reverse Engineering,id: 167,type: CAPEC})",[:SIMILAR_TO],"(:Entity {name: Reverse Engineering,id: 188,type: CAPEC})"
"(:Entity {name: Windows ::DATA Alternate Data Stream,id: 168,type: CAPEC})",[:BELONGS_TO],(:Category {name: CAPEC})
"(:Entity {name: Footprinting,id: 169,type: CAPEC})",[:BELONGS_TO],(:Category {name: CAPEC})
"(:Entity {name: Using Malicious Files,id: 17,type: CAPEC})",[:BELONGS_TO],(:Category {name: CAPEC})
"(:Entity {name: Web Application Fingerprinting,id: 170,type: CAPEC})",[:BELONGS_TO],(:Category {name: CAPEC})
"(:Entity {name: Web Application Fingerprinting,id: 170,type: CAPEC})",[:SIMILAR_TO],"(:Entity {name: Fingerprinting,id: 224,type: CAPEC})"
"(:Entity {name: Web Application Fingerprinting,id: 170,type: CAPEC})",[:SIMILAR_TO],"(:Entity {name: Application Fingerprinting,id: 541,type: CAPEC})"
"(:Entity {name: DEPRECATED: Variable Manipulation,id: 171,type: CAPEC})",[:BELONGS_TO],(:Category {name: CAPEC})
"(:Entity {name: Action Spoofing,id: 173,type: CAPEC})",[:BELONGS_TO],(:Category {name: CAPEC})
"(:Entity {name: Flash Parameter Injection,id: 174,type: CAPEC})",[:BELONGS_TO],(:Category {name: CAPEC})
"(:Entity {name: Flash Parameter Injection,id: 174,type: CAPEC})",[:SIMILAR_TO],"(:Entity {name: Parameter Injection,id: 137,type: CAPEC})"
"(:Entity {name: Code Inclusion,id: 175,type: CAPEC})",[:BELONGS_TO],(:Category {name: CAPEC})
"(:Entity {name: Configuration/Environment Manipulation,id: 176,type: CAPEC})",[:BELONGS_TO],(:Category {name: CAPEC})
"(:Entity {name: Create files with the same name as files protected with a higher classification,id: 177,type: CAPEC})",[:BELONGS_TO],(:Category {name: CAPEC})
"(:Entity {name: Cross-Site Flashing,id: 178,type: CAPEC})",[:BELONGS_TO],(:Category {name: CAPEC})
"(:Entity {name: Calling Micro-Services Directly,id: 179,type: CAPEC})",[:BELONGS_TO],(:Category {name: CAPEC})
"(:Entity {name: XSS Targeting Non-Script Elements,id: 18,type: CAPEC})",[:BELONGS_TO],(:Category {name: CAPEC})
"(:Entity {name: Exploiting Incorrectly Configured Access Control Security Levels,id: 180,type: CAPEC})",[:BELONGS_TO],(:Category {name: CAPEC})
"(:Entity {name: Flash File Overlay,id: 181,type: CAPEC})",[:BELONGS_TO],(:Category {name: CAPEC})
"(:Entity {name: Flash Injection,id: 182,type: CAPEC})",[:BELONGS_TO],(:Category {name: CAPEC})
"(:Entity {name: IMAP/SMTP Command Injection,id: 183,type: CAPEC})",[:BELONGS_TO],(:Category {name: CAPEC})
"(:Entity {name: IMAP/SMTP Command Injection,id: 183,type: CAPEC})",[:SIMILAR_TO],"(:Entity {name: Command Injection,id: 248,type: CAPEC})"
"(:Entity {name: Software Integrity Attack,id: 184,type: CAPEC})",[:BELONGS_TO],(:Category {name: CAPEC})
"(:Entity {name: Software Integrity Attack,id: 184,type: CAPEC})",[:BELONGS_TO],(:Category {name: CWE})
"(:Entity {name: Malicious Software Download,id: 185,type: CAPEC})",[:BELONGS_TO],(:Category {name: CAPEC})
"(:Entity {name: Malicious Software Update,id: 186,type: CAPEC})",[:BELONGS_TO],(:Category {name: CAPEC})
"(:Entity {name: Malicious Automated Software Update via Redirection,id: 187,type: CAPEC})",[:BELONGS_TO],(:Category {name: CAPEC})
"(:Entity {name: Reverse Engineering,id: 188,type: CAPEC})",[:BELONGS_TO],(:Category {name: CAPEC})
"(:Entity {name: Black Box Reverse Engineering,id: 189,type: CAPEC})",[:BELONGS_TO],(:Category {name: CAPEC})
"(:Entity {name: Black Box Reverse Engineering,id: 189,type: CAPEC})",[:SIMILAR_TO],"(:Entity {name: Reverse Engineering,id: 188,type: CAPEC})"
"(:Entity {name: Embedding Scripts within Scripts,id: 19,type: CAPEC})",[:BELONGS_TO],(:Category {name: CAPEC})
"(:Entity {name: Reverse Engineer an Executable to Expose Assumed Hidden Functionality,id: 190,type: CAPEC})",[:BELONGS_TO],(:Category {name: CAPEC})
"(:Entity {name: Reverse Engineer an Executable to Expose Assumed Hidden Functionality,id: 190,type: CAPEC})",[:SIMILAR_TO],"(:Entity {name: Hidden Functionality,id: 912,type: CWE})"
"(:Entity {name: Read Sensitive Constants Within an Executable,id: 191,type: CAPEC})",[:BELONGS_TO],(:Category {name: CAPEC})
"(:Entity {name: Protocol Analysis,id: 192,type: CAPEC})",[:BELONGS_TO],(:Category {name: CAPEC})
"(:Entity {name: PHP Remote File Inclusion,id: 193,type: CAPEC})",[:BELONGS_TO],(:Category {name: CAPEC})
"(:Entity {name: Fake the Source of Data,id: 194,type: CAPEC})",[:BELONGS_TO],(:Category {name: CAPEC})
"(:Entity {name: Principal Spoof,id: 195,type: CAPEC})",[:BELONGS_TO],(:Category {name: CAPEC})
"(:Entity {name: Session Credential Falsification through Forging,id: 196,type: CAPEC})",[:BELONGS_TO],(:Category {name: CAPEC})
"(:Entity {name: Exponential Data Expansion,id: 197,type: CAPEC})",[:BELONGS_TO],(:Category {name: CAPEC})
"(:Entity {name: XSS Targeting Error Pages,id: 198,type: CAPEC})",[:BELONGS_TO],(:Category {name: CAPEC})
"(:Entity {name: XSS Using Alternate Syntax,id: 199,type: CAPEC})",[:BELONGS_TO],(:Category {name: CAPEC})
"(:Entity {name: Inducing Account Lockout,id: 2,type: CAPEC})",[:BELONGS_TO],(:Category {name: CAPEC})
"(:Entity {name: Encryption Brute Forcing,id: 20,type: CAPEC})",[:BELONGS_TO],(:Category {name: CAPEC})
"(:Entity {name: Encryption Brute Forcing,id: 20,type: CAPEC})",[:BELONGS_TO],(:Category {name: CWE})
"(:Entity {name: Removal of filters: Input filters, output filters, data masking,id: 200,type: CAPEC})",[:BELONGS_TO],(:Category {name: CAPEC})
"(:Entity {name: Removal of filters: Input filters, output filters, data masking,id: 200,type: CAPEC})",[:BELONGS_TO],(:Category {name: CWE})
"(:Entity {name: Serialized Data External Linking,id: 201,type: CAPEC})",[:BELONGS_TO],(:Category {name: CAPEC})
"(:Entity {name: Serialized Data External Linking,id: 201,type: CAPEC})",[:BELONGS_TO],(:Category {name: CWE})
"(:Entity {name: Create Malicious Client,id: 202,type: CAPEC})",[:BELONGS_TO],(:Category {name: CAPEC})
"(:Entity {name: Create Malicious Client,id: 202,type: CAPEC})",[:BELONGS_TO],(:Category {name: CWE})
"(:Entity {name: Manipulate Registry Information,id: 203,type: CAPEC})",[:BELONGS_TO],(:Category {name: CAPEC})
"(:Entity {name: Manipulate Registry Information,id: 203,type: CAPEC})",[:BELONGS_TO],(:Category {name: CWE})
"(:Entity {name: Lifting Sensitive Data Embedded in Cache,id: 204,type: CAPEC})",[:BELONGS_TO],(:Category {name: CAPEC})
"(:Entity {name: Lifting Sensitive Data Embedded in Cache,id: 204,type: CAPEC})",[:BELONGS_TO],(:Category {name: CWE})
"(:Entity {name: DEPRECATED: Lifting credential(s)/key material embedded in client distributions (thick or thin),id: 205,type: CAPEC})",[:BELONGS_TO],(:Category {name: CAPEC})
"(:Entity {name: DEPRECATED: Lifting credential(s)/key material embedded in client distributions (thick or thin),id: 205,type: CAPEC})",[:BELONGS_TO],(:Category {name: CWE})
"(:Entity {name: Signing Malicious Code,id: 206,type: CAPEC})",[:BELONGS_TO],(:Category {name: CAPEC})
"(:Entity {name: Removing Important Client Functionality,id: 207,type: CAPEC})",[:BELONGS_TO],(:Category {name: CAPEC})
"(:Entity {name: Removing/short-circuiting 'Purse' logic: removing/mutating 'cash' decrements,id: 208,type: CAPEC})",[:BELONGS_TO],(:Category {name: CAPEC})
"(:Entity {name: Removing/short-circuiting 'Purse' logic: removing/mutating 'cash' decrements,id: 208,type: CAPEC})",[:BELONGS_TO],(:Category {name: CWE})
"(:Entity {name: XSS Using MIME Type Mismatch,id: 209,type: CAPEC})",[:BELONGS_TO],(:Category {name: CAPEC})
"(:Entity {name: XSS Using MIME Type Mismatch,id: 209,type: CAPEC})",[:BELONGS_TO],(:Category {name: CWE})
"(:Entity {name: Exploitation of Trusted Identifiers,id: 21,type: CAPEC})",[:BELONGS_TO],(:Category {name: CAPEC})
"(:Entity {name: DEPRECATED: Leveraging web tools (e.g. Mozilla's GreaseMonkey, Firebug) to change application behavior,id: 211,type: CAPEC})",[:BELONGS_TO],(:Category {name: CAPEC})
"(:Entity {name: DEPRECATED: Leveraging web tools (e.g. Mozilla's GreaseMonkey, Firebug) to change application behavior,id: 211,type: CAPEC})",[:BELONGS_TO],(:Category {name: CWE})
"(:Entity {name: Functionality Misuse,id: 212,type: CAPEC})",[:BELONGS_TO],(:Category {name: CAPEC})
"(:Entity {name: Functionality Misuse,id: 212,type: CAPEC})",[:BELONGS_TO],(:Category {name: CWE})
"(:Entity {name: DEPRECATED: Directory Traversal,id: 213,type: CAPEC})",[:BELONGS_TO],(:Category {name: CAPEC})
"(:Entity {name: DEPRECATED: Directory Traversal,id: 213,type: CAPEC})",[:BELONGS_TO],(:Category {name: CWE})
"(:Entity {name: DEPRECATED: Fuzzing for garnering J2EE/.NET-based stack traces, for application mapping,id: 214,type: CAPEC})",[:BELONGS_TO],(:Category {name: CAPEC})
"(:Entity {name: DEPRECATED: Fuzzing for garnering J2EE/.NET-based stack traces, for application mapping,id: 214,type: CAPEC})",[:BELONGS_TO],(:Category {name: CWE})
"(:Entity {name: DEPRECATED: Fuzzing for garnering J2EE/.NET-based stack traces, for application mapping,id: 214,type: CAPEC})",[:SIMILAR_TO],"(:Entity {name: Fuzzing,id: 28,type: CAPEC})"
"(:Entity {name: Fuzzing for application mapping,id: 215,type: CAPEC})",[:BELONGS_TO],(:Category {name: CAPEC})
"(:Entity {name: Fuzzing for application mapping,id: 215,type: CAPEC})",[:SIMILAR_TO],"(:Entity {name: Fuzzing,id: 28,type: CAPEC})"
"(:Entity {name: Communication Channel Manipulation,id: 216,type: CAPEC})",[:BELONGS_TO],(:Category {name: CAPEC})
"(:Entity {name: Exploiting Incorrectly Configured SSL/TLS,id: 217,type: CAPEC})",[:BELONGS_TO],(:Category {name: CAPEC})
"(:Entity {name: Spoofing of UDDI/ebXML Messages,id: 218,type: CAPEC})",[:BELONGS_TO],(:Category {name: CAPEC})
"(:Entity {name: XML Routing Detour Attacks,id: 219,type: CAPEC})",[:BELONGS_TO],(:Category {name: CAPEC})
"(:Entity {name: Exploiting Trust in Client,id: 22,type: CAPEC})",[:BELONGS_TO],(:Category {name: CAPEC})
"(:Entity {name: Client-Server Protocol Manipulation,id: 220,type: CAPEC})",[:BELONGS_TO],(:Category {name: CAPEC})
"(:Entity {name: Client-Server Protocol Manipulation,id: 220,type: CAPEC})",[:SIMILAR_TO],"(:Entity {name: Protocol Manipulation,id: 272,type: CAPEC})"
"(:Entity {name: Data Serialization External Entities Blowup,id: 221,type: CAPEC})",[:BELONGS_TO],(:Category {name: CAPEC})
"(:Entity {name: Data Serialization External Entities Blowup,id: 221,type: CAPEC})",[:BELONGS_TO],(:Category {name: CWE})
"(:Entity {name: iFrame Overlay,id: 222,type: CAPEC})",[:BELONGS_TO],(:Category {name: CAPEC})
"(:Entity {name: Fingerprinting,id: 224,type: CAPEC})",[:BELONGS_TO],(:Category {name: CAPEC})
"(:Entity {name: Session Credential Falsification through Manipulation,id: 226,type: CAPEC})",[:BELONGS_TO],(:Category {name: CAPEC})
"(:Entity {name: Sustained Client Engagement,id: 227,type: CAPEC})",[:BELONGS_TO],(:Category {name: CAPEC})
"(:Entity {name: DTD Injection,id: 228,type: CAPEC})",[:BELONGS_TO],(:Category {name: CAPEC})
"(:Entity {name: Serialized Data Parameter Blowup,id: 229,type: CAPEC})",[:BELONGS_TO],(:Category {name: CAPEC})
"(:Entity {name: File Content Injection,id: 23,type: CAPEC})",[:BELONGS_TO],(:Category {name: CAPEC})
"(:Entity {name: Serialized Data with Nested Payloads,id: 230,type: CAPEC})",[:BELONGS_TO],(:Category {name: CAPEC})
"(:Entity {name: Oversized Serialized Data Payloads,id: 231,type: CAPEC})",[:BELONGS_TO],(:Category {name: CAPEC})
"(:Entity {name: Privilege Escalation,id: 233,type: CAPEC})",[:BELONGS_TO],(:Category {name: CAPEC})
"(:Entity {name: Hijacking a privileged process,id: 234,type: CAPEC})",[:BELONGS_TO],(:Category {name: CAPEC})
"(:Entity {name: DEPRECATED: Implementing a callback to system routine (old AWT Queue),id: 235,type: CAPEC})",[:BELONGS_TO],(:Category {name: CAPEC})
"(:Entity {name: DEPRECATED: Catching exception throw/signal from privileged block,id: 236,type: CAPEC})",[:BELONGS_TO],(:Category {name: CAPEC})
"(:Entity {name: Escaping a Sandbox by Calling Code in Another Language,id: 237,type: CAPEC})",[:BELONGS_TO],(:Category {name: CAPEC})
"(:Entity {name: DEPRECATED: Using URL/codebase / G.A.C. (code source) to convince sandbox of privilege,id: 238,type: CAPEC})",[:BELONGS_TO],(:Category {name: CAPEC})
"(:Entity {name: DEPRECATED: Subversion of Authorization Checks: Cache Filtering, Programmatic Security, etc.,id: 239,type: CAPEC})",[:BELONGS_TO],(:Category {name: CAPEC})
"(:Entity {name: Filter Failure through Buffer Overflow,id: 24,type: CAPEC})",[:BELONGS_TO],(:Category {name: CAPEC})
"(:Entity {name: Resource Injection,id: 240,type: CAPEC})",[:BELONGS_TO],(:Category {name: CAPEC})
"(:Entity {name: DEPRECATED: Code Injection,id: 241,type: CAPEC})",[:BELONGS_TO],(:Category {name: CAPEC})
"(:Entity {name: DEPRECATED: Code Injection,id: 241,type: CAPEC})",[:SIMILAR_TO],"(:Entity {name: Code Injection,id: 242,type: CAPEC})"
"(:Entity {name: Code Injection,id: 242,type: CAPEC})",[:BELONGS_TO],(:Category {name: CAPEC})
"(:Entity {name: XSS Targeting HTML Attributes,id: 243,type: CAPEC})",[:BELONGS_TO],(:Category {name: CAPEC})
"(:Entity {name: XSS Targeting URI Placeholders,id: 244,type: CAPEC})",[:BELONGS_TO],(:Category {name: CAPEC})
"(:Entity {name: XSS Using Doubled Characters,id: 245,type: CAPEC})",[:BELONGS_TO],(:Category {name: CAPEC})
"(:Entity {name: DEPRECATED: XSS Using Flash,id: 246,type: CAPEC})",[:BELONGS_TO],(:Category {name: CAPEC})
"(:Entity {name: XSS Using Invalid Characters,id: 247,type: CAPEC})",[:BELONGS_TO],(:Category {name: CAPEC})
"(:Entity {name: Command Injection,id: 248,type: CAPEC})",[:BELONGS_TO],(:Category {name: CAPEC})
"(:Entity {name: DEPRECATED: Linux Terminal Injection,id: 249,type: CAPEC})",[:BELONGS_TO],(:Category {name: CAPEC})
"(:Entity {name: Forced Deadlock,id: 25,type: CAPEC})",[:BELONGS_TO],(:Category {name: CAPEC})
"(:Entity {name: XML Injection,id: 250,type: CAPEC})",[:BELONGS_TO],(:Category {name: CAPEC})
"(:Entity {name: XML Injection,id: 250,type: CAPEC})",[:BELONGS_TO],(:Category {name: CWE})
"(:Entity {name: Local Code Inclusion,id: 251,type: CAPEC})",[:BELONGS_TO],(:Category {name: CAPEC})
"(:Entity {name: Local Code Inclusion,id: 251,type: CAPEC})",[:SIMILAR_TO],"(:Entity {name: Code Inclusion,id: 175,type: CAPEC})"
"(:Entity {name: PHP Local File Inclusion,id: 252,type: CAPEC})",[:BELONGS_TO],(:Category {name: CAPEC})
"(:Entity {name: Remote Code Inclusion,id: 253,type: CAPEC})",[:BELONGS_TO],(:Category {name: CAPEC})
"(:Entity {name: Remote Code Inclusion,id: 253,type: CAPEC})",[:SIMILAR_TO],"(:Entity {name: Code Inclusion,id: 175,type: CAPEC})"
"(:Entity {name: DEPRECATED: DTD Injection in a SOAP Message,id: 254,type: CAPEC})",[:BELONGS_TO],(:Category {name: CAPEC})
"(:Entity {name: DEPRECATED: DTD Injection in a SOAP Message,id: 254,type: CAPEC})",[:SIMILAR_TO],"(:Entity {name: DTD Injection,id: 228,type: CAPEC})"
"(:Entity {name: SOAP Array Overflow,id: 256,type: CAPEC})",[:BELONGS_TO],(:Category {name: CAPEC})
"(:Entity {name: SOAP Array Overflow,id: 256,type: CAPEC})",[:BELONGS_TO],(:Category {name: CWE})
"(:Entity {name: DEPRECATED: Abuse of Transaction Data Structure,id: 257,type: CAPEC})",[:BELONGS_TO],(:Category {name: CAPEC})
"(:Entity {name: DEPRECATED: Abuse of Transaction Data Structure,id: 257,type: CAPEC})",[:BELONGS_TO],(:Category {name: CWE})
"(:Entity {name: DEPRECATED: Passively Sniffing and Capturing Application Code Bound for an Authorized Client During Dynamic Update,id: 258,type: CAPEC})",[:BELONGS_TO],(:Category {name: CAPEC})
"(:Entity {name: DEPRECATED: Passively Sniffing and Capturing Application Code Bound for an Authorized Client During Patching,id: 259,type: CAPEC})",[:BELONGS_TO],(:Category {name: CAPEC})
"(:Entity {name: Leveraging Race Conditions,id: 26,type: CAPEC})",[:BELONGS_TO],(:Category {name: CAPEC})
"(:Entity {name: DEPRECATED: Passively Sniffing and Capturing Application Code Bound for an Authorized Client During Initial Distribution,id: 260,type: CAPEC})",[:BELONGS_TO],(:Category {name: CAPEC})
"(:Entity {name: DEPRECATED: Passively Sniffing and Capturing Application Code Bound for an Authorized Client During Initial Distribution,id: 260,type: CAPEC})",[:BELONGS_TO],(:Category {name: CWE})
"(:Entity {name: Fuzzing for garnering other adjacent user/sensitive data,id: 261,type: CAPEC})",[:BELONGS_TO],(:Category {name: CAPEC})
"(:Entity {name: Fuzzing for garnering other adjacent user/sensitive data,id: 261,type: CAPEC})",[:BELONGS_TO],(:Category {name: CWE})
"(:Entity {name: Fuzzing for garnering other adjacent user/sensitive data,id: 261,type: CAPEC})",[:SIMILAR_TO],"(:Entity {name: Fuzzing,id: 28,type: CAPEC})"
"(:Entity {name: Force Use of Corrupted Files,id: 263,type: CAPEC})",[:BELONGS_TO],(:Category {name: CAPEC})
"(:Entity {name: Force Use of Corrupted Files,id: 263,type: CAPEC})",[:BELONGS_TO],(:Category {name: CWE})
"(:Entity {name: DEPRECATED: Environment Variable Manipulation,id: 264,type: CAPEC})",[:BELONGS_TO],(:Category {name: CAPEC})
"(:Entity {name: DEPRECATED: Global variable manipulation,id: 265,type: CAPEC})",[:BELONGS_TO],(:Category {name: CAPEC})
"(:Entity {name: DEPRECATED: Manipulate Canonicalization,id: 266,type: CAPEC})",[:BELONGS_TO],(:Category {name: CAPEC})
"(:Entity {name: Leverage Alternate Encoding,id: 267,type: CAPEC})",[:BELONGS_TO],(:Category {name: CAPEC})
"(:Entity {name: Leverage Alternate Encoding,id: 267,type: CAPEC})",[:BELONGS_TO],(:Category {name: CWE})
"(:Entity {name: Audit Log Manipulation,id: 268,type: CAPEC})",[:BELONGS_TO],(:Category {name: CAPEC})
"(:Entity {name: Audit Log Manipulation,id: 268,type: CAPEC})",[:BELONGS_TO],(:Category {name: CWE})
"(:Entity {name: DEPRECATED: Registry Manipulation,id: 269,type: CAPEC})",[:BELONGS_TO],(:Category {name: CAPEC})
"(:Entity {name: DEPRECATED: Registry Manipulation,id: 269,type: CAPEC})",[:BELONGS_TO],(:Category {name: CWE})
"(:Entity {name: Leveraging Race Conditions via Symbolic Links,id: 27,type: CAPEC})",[:BELONGS_TO],(:Category {name: CAPEC})
"(:Entity {name: Leveraging Race Conditions via Symbolic Links,id: 27,type: CAPEC})",[:SIMILAR_TO],"(:Entity {name: Leveraging Race Conditions,id: 26,type: CAPEC})"
"(:Entity {name: Modification of Registry Run Keys,id: 270,type: CAPEC})",[:BELONGS_TO],(:Category {name: CAPEC})
"(:Entity {name: Modification of Registry Run Keys,id: 270,type: CAPEC})",[:BELONGS_TO],(:Category {name: CWE})
"(:Entity {name: Schema Poisoning,id: 271,type: CAPEC})",[:BELONGS_TO],(:Category {name: CAPEC})
"(:Entity {name: Schema Poisoning,id: 271,type: CAPEC})",[:BELONGS_TO],(:Category {name: CWE})
"(:Entity {name: Protocol Manipulation,id: 272,type: CAPEC})",[:BELONGS_TO],(:Category {name: CAPEC})
"(:Entity {name: HTTP Response Smuggling,id: 273,type: CAPEC})",[:BELONGS_TO],(:Category {name: CAPEC})
"(:Entity {name: HTTP Verb Tampering,id: 274,type: CAPEC})",[:BELONGS_TO],(:Category {name: CAPEC})
"(:Entity {name: DNS Rebinding,id: 275,type: CAPEC})",[:BELONGS_TO],(:Category {name: CAPEC})
"(:Entity {name: Inter-component Protocol Manipulation,id: 276,type: CAPEC})",[:BELONGS_TO],(:Category {name: CAPEC})
"(:Entity {name: Inter-component Protocol Manipulation,id: 276,type: CAPEC})",[:BELONGS_TO],(:Category {name: CWE})
"(:Entity {name: Inter-component Protocol Manipulation,id: 276,type: CAPEC})",[:SIMILAR_TO],"(:Entity {name: Protocol Manipulation,id: 272,type: CAPEC})"
"(:Entity {name: Data Interchange Protocol Manipulation,id: 277,type: CAPEC})",[:BELONGS_TO],(:Category {name: CAPEC})
"(:Entity {name: Data Interchange Protocol Manipulation,id: 277,type: CAPEC})",[:SIMILAR_TO],"(:Entity {name: Protocol Manipulation,id: 272,type: CAPEC})"
"(:Entity {name: Web Services Protocol Manipulation,id: 278,type: CAPEC})",[:BELONGS_TO],(:Category {name: CAPEC})
"(:Entity {name: Web Services Protocol Manipulation,id: 278,type: CAPEC})",[:SIMILAR_TO],"(:Entity {name: Protocol Manipulation,id: 272,type: CAPEC})"
"(:Entity {name: Web Services Protocol Manipulation,id: 278,type: CAPEC})",[:SIMILAR_TO],"(:Entity {name: Web Service,id: T1481,type: Mobile})"
"(:Entity {name: SOAP Manipulation,id: 279,type: CAPEC})",[:BELONGS_TO],(:Category {name: CAPEC})
"(:Entity {name: Fuzzing,id: 28,type: CAPEC})",[:BELONGS_TO],(:Category {name: CAPEC})
"(:Entity {name: DEPRECATED: SOAP Parameter Tampering,id: 280,type: CAPEC})",[:BELONGS_TO],(:Category {name: CAPEC})
"(:Entity {name: ICMP Echo Request Ping,id: 285,type: CAPEC})",[:BELONGS_TO],(:Category {name: CAPEC})
"(:Entity {name: ICMP Echo Request Ping,id: 285,type: CAPEC})",[:BELONGS_TO],(:Category {name: CWE})
"(:Entity {name: TCP SYN Scan,id: 287,type: CAPEC})",[:BELONGS_TO],(:Category {name: CAPEC})
"(:Entity {name: TCP SYN Scan,id: 287,type: CAPEC})",[:BELONGS_TO],(:Category {name: CWE})
"(:Entity {name: DEPRECATED: ICMP Echo Request Ping,id: 288,type: CAPEC})",[:BELONGS_TO],(:Category {name: CAPEC})
"(:Entity {name: DEPRECATED: ICMP Echo Request Ping,id: 288,type: CAPEC})",[:BELONGS_TO],(:Category {name: CWE})
"(:Entity {name: DEPRECATED: ICMP Echo Request Ping,id: 288,type: CAPEC})",[:SIMILAR_TO],"(:Entity {name: ICMP Echo Request Ping,id: 285,type: CAPEC})"
"(:Entity {name: DEPRECATED: Infrastructure-based footprinting,id: 289,type: CAPEC})",[:BELONGS_TO],(:Category {name: CAPEC})
"(:Entity {name: DEPRECATED: Infrastructure-based footprinting,id: 289,type: CAPEC})",[:BELONGS_TO],(:Category {name: CWE})
"(:Entity {name: Leveraging Time-of-Check and Time-of-Use (TOCTOU) Race Conditions,id: 29,type: CAPEC})",[:BELONGS_TO],(:Category {name: CAPEC})
"(:Entity {name: Enumerate Mail Exchange (MX) Records,id: 290,type: CAPEC})",[:BELONGS_TO],(:Category {name: CAPEC})
"(:Entity {name: DNS Zone Transfers,id: 291,type: CAPEC})",[:BELONGS_TO],(:Category {name: CAPEC})
"(:Entity {name: Host Discovery,id: 292,type: CAPEC})",[:BELONGS_TO],(:Category {name: CAPEC})
"(:Entity {name: Traceroute Route Enumeration,id: 293,type: CAPEC})",[:BELONGS_TO],(:Category {name: CAPEC})
"(:Entity {name: ICMP Address Mask Request,id: 294,type: CAPEC})",[:BELONGS_TO],(:Category {name: CAPEC})
"(:Entity {name: ICMP Address Mask Request,id: 294,type: CAPEC})",[:BELONGS_TO],(:Category {name: CWE})
"(:Entity {name: Timestamp Request,id: 295,type: CAPEC})",[:BELONGS_TO],(:Category {name: CAPEC})
"(:Entity {name: Timestamp Request,id: 295,type: CAPEC})",[:BELONGS_TO],(:Category {name: CWE})
"(:Entity {name: ICMP Information Request,id: 296,type: CAPEC})",[:BELONGS_TO],(:Category {name: CAPEC})
"(:Entity {name: TCP ACK Ping,id: 297,type: CAPEC})",[:BELONGS_TO],(:Category {name: CAPEC})
"(:Entity {name: UDP Ping,id: 298,type: CAPEC})",[:BELONGS_TO],(:Category {name: CAPEC})
"(:Entity {name: TCP SYN Ping,id: 299,type: CAPEC})",[:BELONGS_TO],(:Category {name: CAPEC})
"(:Entity {name: Using Leading 'Ghost' Character Sequences to Bypass Input Filters,id: 3,type: CAPEC})",[:BELONGS_TO],(:Category {name: CAPEC})
"(:Entity {name: Hijacking a Privileged Thread of Execution,id: 30,type: CAPEC})",[:BELONGS_TO],(:Category {name: CAPEC})
"(:Entity {name: Port Scanning,id: 300,type: CAPEC})",[:BELONGS_TO],(:Category {name: CAPEC})
"(:Entity {name: Port Scanning,id: 300,type: CAPEC})",[:BELONGS_TO],(:Category {name: CWE})
"(:Entity {name: TCP Connect Scan,id: 301,type: CAPEC})",[:BELONGS_TO],(:Category {name: CAPEC})
"(:Entity {name: TCP Connect Scan,id: 301,type: CAPEC})",[:BELONGS_TO],(:Category {name: CWE})
"(:Entity {name: TCP FIN Scan,id: 302,type: CAPEC})",[:BELONGS_TO],(:Category {name: CAPEC})
"(:Entity {name: TCP FIN Scan,id: 302,type: CAPEC})",[:BELONGS_TO],(:Category {name: CWE})
"(:Entity {name: TCP Xmas Scan,id: 303,type: CAPEC})",[:BELONGS_TO],(:Category {name: CAPEC})
"(:Entity {name: TCP Null Scan,id: 304,type: CAPEC})",[:BELONGS_TO],(:Category {name: CAPEC})
"(:Entity {name: TCP ACK Scan,id: 305,type: CAPEC})",[:BELONGS_TO],(:Category {name: CAPEC})
"(:Entity {name: TCP Window Scan,id: 306,type: CAPEC})",[:BELONGS_TO],(:Category {name: CAPEC})
"(:Entity {name: TCP Window Scan,id: 306,type: CAPEC})",[:BELONGS_TO],(:Category {name: CWE})
"(:Entity {name: TCP RPC Scan,id: 307,type: CAPEC})",[:BELONGS_TO],(:Category {name: CAPEC})
"(:Entity {name: TCP RPC Scan,id: 307,type: CAPEC})",[:BELONGS_TO],(:Category {name: CWE})
"(:Entity {name: UDP Scan,id: 308,type: CAPEC})",[:BELONGS_TO],(:Category {name: CAPEC})
"(:Entity {name: UDP Scan,id: 308,type: CAPEC})",[:BELONGS_TO],(:Category {name: CWE})
"(:Entity {name: Network Topology Mapping,id: 309,type: CAPEC})",[:BELONGS_TO],(:Category {name: CAPEC})
"(:Entity {name: Network Topology Mapping,id: 309,type: CAPEC})",[:BELONGS_TO],(:Category {name: CWE})
"(:Entity {name: Accessing/Intercepting/Modifying HTTP Cookies,id: 31,type: CAPEC})",[:BELONGS_TO],(:Category {name: CAPEC})
"(:Entity {name: Scanning for Vulnerable Software,id: 310,type: CAPEC})",[:BELONGS_TO],(:Category {name: CAPEC})
"(:Entity {name: DEPRECATED: OS Fingerprinting,id: 311,type: CAPEC})",[:BELONGS_TO],(:Category {name: CAPEC})
"(:Entity {name: DEPRECATED: OS Fingerprinting,id: 311,type: CAPEC})",[:BELONGS_TO],(:Category {name: CWE})
"(:Entity {name: DEPRECATED: OS Fingerprinting,id: 311,type: CAPEC})",[:SIMILAR_TO],"(:Entity {name: Fingerprinting,id: 224,type: CAPEC})"
"(:Entity {name: Active OS Fingerprinting,id: 312,type: CAPEC})",[:BELONGS_TO],(:Category {name: CAPEC})